<?xml version="1.0" encoding="UTF-8"?>
<Employees
	xmlns="http://www.w3.org/2001/XMLSchema-instance"
	xmlns:xsi="http://www.emporg.com"
	targetNamespaceLocation="">
		
		<Employee_code>101</Employee_code>
		<Employee_name>Preetam</Employee_name>
		<Date_of_joining>10-JAN-2010</Date_of_joining>
		<salary>18000</salary>
		<Grade>A</Grade>
		<Department_code>20</Department_code>
		
		<Employee_code>102</Employee_code>
		<Employee_name>Akash</Employee_name>
		<Date_of_joining>10-NOV-2005</Date_of_joining>
		<salary>48000</salary>
		<Grade>C</Grade>
		<Department_code>10</Department_code>
		
		<Employee_code>103</Employee_code>
		<Employee_name>Kishore</Employee_name>
		<Date_of_joining>19-DEC-2011</Date_of_joining>
		<salary>42000</salary>
		<Grade>C</Grade>
		<Department_code>40</Department_code>
		
		<Employee_code>104</Employee_code>
		<Employee_name>Reena</Employee_name>
		<Date_of_joining>23-JUN-2006</Date_of_joining>
		<salary>33000</salary>
		<Grade>B</Grade>
		<Department_code>20</Department_code>
		
		<Employee_code>105</Employee_code>
		<Employee_name>Kailash</Employee_name>
		<Date_of_joining>05-FEB-2004</Date_of_joining>
		<salary>36000</salary>
		<Grade>C</Grade>
		<Department_code>30</Department_code>
		
</Employees>		
		