<?xml version="1.0" encoding="UTF-8"?>
<Customer xmlns:xs="http://www.w3.org/2001/XMLSchema-instance" 
xs:noNamespaceSchemaLocation="detail.xsd">
	<Cust Customer_id="101">
		<CustomerName>Robert</CustomerName>
		<Phone>9087654321</Phone>
		<email>robertd@gmail.com</email>
		<City>Mumbai</City>
	</Cust>
	
	<Cust Customer_id="102">
		<CustomerName>Saket Sharma</CustomerName>
		<Phone>9165432123</Phone>
		<email>saketsharna@gmail.com</email>
		<City>Pune</City>
	</Cust>
	
	<Cust Customer_id="103">
		<CustomerName>Raksha</CustomerName>
		<Phone>9543212356</Phone>
		<email>raksha@gmail.com</email>
		<City>200</City>
	</Cust>
</Customer>
	
	