<?xml version="1.0" encoding="UTF-8"?>
<employees xs:noNamespaceSchemaLocation="emp.xsd" xmlns:xs="http://www.w3school.org/2001/XMLSchema">
	<employee>
	<employee_code>101</employee_code>
	<employee_name>preetam</employee_name>
	<date_of_joining>10-jan-2010</date_of_joining>
	<salary>18000</salary>
	<grade>A</grade>
	<depatrment_code>20</depatrment_code>
	</employee>
	<employee>
	<employee_code>102</employee_code>
	<employee_name>aakash<employee_name>
	<date_of_joining>10-nov-2005</date_of_joining>
	<salary>48000</salary>
	<grade>C</grade>
	<depatrment_code>10</depatrment_code>
	</employee>
	<employee>
	<employee_code>103</employee_code>
	<employee_name>kishore</employee_name>
	<date_of_joining>19-dec-2011></date_of_joining>
	<salary>42000</salary>
	<grade>C</grade>
	<depatrment_code>40</depatrment_code>
	</employee>
	<employee>
	<employee_code>104</employee_code>
	<employee_name>reena</employee_name>
	<date_of_joining>23-jun-2006</date_of_joining>
	<salary>33000</salary>
	<grade>B</grade>
	<depatrment_code>20</depatrment_code>
	</employee>
	<employee>
	<employee_code>105</employee_code>
	<employee_name>kailash</employee_name>
	<date_of_joining>05-feb-2004</date_of_joining>
	<salary>36000</salary>
	<grade>C</grade>
	<depatrment_code>30</depatrment_code>
	</employee>
</employees>
	
	