<?xml version="1.0" ?>
<consumer>
    <consumer1>
	<consumerno>12322110</consumerno>
	<consumername>Seema Joshi</consumername>
	<emailid>seema.joshi@igate.com</emailid>
	<unitconsumed>250</unitconsumed>
	</consumer1>
	
	<consumer2>
	<consumerno>17531111</consumerno>
	<consumername>Amey Joshi</consumername>
	<emailid>amey.j@igate.com</emailid>
	<unitconsumed>345</unitconsumed>
	</consumer2>
	
	<consumer3>
	<consumerno>17533411</consumerno>
	<consumername>Pravin T</consumername>
	<emailid>pravin.t@igate.com</emailid>
	<unitconsumed>457</unitconsumed>
	</consumer3>
	
	<consumer4>
	<consumerno>12432121</consumerno>
	<consumername>Monoj Kulkarni</consumername>
	<emailid>manoj.k@gmail.com</emailid>
	<unitconsumed>780</unitconsumed>
	</consumer4>
	
	<consumer5>
	<consumerno>12342111</consumerno>
	<consumername>Shrikant Shinde</consumername>
	<emailid>shrikant.shinde@gmail.com</emailid>
	<unitconsumed>90</unitconsumed>
	</consumer5>
	
	<consumer6>
	<consumerno>15432152</consumerno>
	<consumername>Mahesh B</consumername>
	<emailid>bMahesh@gmail.com</emailid>
	<unitconsumed>720</unitconsumed>
	</consumer6>
	
	
</consumer>