<?xml version="1.0" encoding="utf-8"?>
<ELECTRICITY xmlns:xsi="http://www.w3.org/2001/XMLSchema-instance" xsi:noNamespaceSchemaLocation="electricity_consumer_form.xsd">
	<Consumer>
		<ConsumerNo>12322110</ConsumerNo>
		<ConsumerName>Seema Joshi</ConsumerName>
		<EmailId>seemajoshi@gmail.com</EmailId>
		<UnitsConsumed>250</UnitsConsumed>
	</Consumer>
	<Consumer>
		<ConsumerNo>17531111</ConsumerNo>
		<ConsumerName>amey Joshi</ConsumerName>
		<EmailId>ameyj@gmail.com</EmailId>
		<UnitsConsumed>457</UnitsConsumed>
	</Consumer>
	<Consumer>
		<ConsumerNo>17531111</ConsumerNo>
		<ConsumerName>pravinT</ConsumerName>
		<EmailId>pravint@gmail.com</EmailId>
		<UnitsConsumed>780</UnitsConsumed>
	</Consumer>
	<Consumer>
		<ConsumerNo>12432121</ConsumerNo>
		<ConsumerName>manojkulkarni</ConsumerName>
		<EmailId>manojk@gmail.com</EmailId>
		<UnitsConsumed>780</UnitsConsumed>
	</Consumer>
	
</ELECTRICITY>